"geocode.value","rank","raw count","relative.percentage"
"San Francisco, CA, United States",1,1182,6.38918918918919
"Los Angeles, CA, United States",2,991,5.35675675675676
"New York, NY, United States",3,941,5.08648648648649
"Chicago, IL, United States",4,536,2.8972972972973
"Provincetown, MA, United States",5,346,1.87027027027027
"New Orleans, LA, United States",6,322,1.74054054054054
"Houston, TX, United States",7,313,1.69189189189189
"Philadelphia, PA, United States",8,287,1.55135135135135
"Washington, DC, United States",9,270,1.45945945945946
"San Diego, CA, United States",10,256,1.38378378378378
"Detroit, MI, United States",11,253,1.36756756756757
"Seattle, WA, United States",12,234,1.26486486486486
"Atlanta, GA, United States",13,228,1.23243243243243
"Fort Lauderdale, FL, United States",14,227,1.22702702702703
"Boston, MA, United States",15,225,1.21621621621622
"Denver, CO, United States",16,221,1.19459459459459
"Key West, FL, United States",17,212,1.14594594594595
"Dallas, TX, United States",18,204,1.1027027027027
"Portland, OR, United States",19,198,1.07027027027027
"Miami, FL, United States",20,191,1.03243243243243
"Baltimore, MD, United States",21,189,1.02162162162162
"Long Beach, CA, United States",22,172,0.92972972972973
"Phoenix, AZ, United States",23,166,0.897297297297297
"Cleveland, OH, United States",24,145,0.783783783783784
"Milwaukee, WI, United States",25,141,0.762162162162162
"St. Louis, MO, United States",26,135,0.72972972972973
"San Antonio, TX, United States",27,128,0.691891891891892
"Palm Springs, CA, United States",28,127,0.686486486486486
"Kansas City, MO, United States",29,125,0.675675675675676
"Atlantic City, NJ, United States",30,116,0.627027027027027
"Sacramento, CA, United States",31,114,0.616216216216216
"Pittsburgh, PA, United States",32,103,0.556756756756757
"Rochester, NY, United States",33,102,0.551351351351351
"Tucson, AZ, United States",34,101,0.545945945945946
"Minneapolis, MN, United States",35,99,0.535135135135135
"Indianapolis, IN, United States",36,90,0.486486486486486
"Buffalo, NY, United States",37,86,0.464864864864865
"Las Vegas, NV, United States",38,81,0.437837837837838
"San Juan, PR, United States",39,78,0.421621621621622
"Tulsa, OK, United States",39,78,0.421621621621622
"Cincinnati, OH, United States",41,76,0.410810810810811
"Salt Lake City, UT, United States",42,71,0.383783783783784
"Orlando, FL, United States",43,70,0.378378378378378
"Oklahoma City, OK, United States",44,69,0.372972972972973
"Charlotte, NC, United States",45,68,0.367567567567568
"Oakland, CA, United States",46,67,0.362162162162162
"Providence, RI, United States",46,67,0.362162162162162
"Tampa, FL, United States",46,67,0.362162162162162
"Laguna Beach, CA, United States",49,66,0.356756756756757
"El Paso, TX, United States",50,65,0.351351351351351
"San Jose, CA, United States",50,65,0.351351351351351
"Columbus, OH, United States",52,64,0.345945945945946
"Syracuse, NY, United States",52,64,0.345945945945946
"Jacksonville, FL, United States",54,62,0.335135135135135
"Austin, TX, United States",55,61,0.32972972972973
"Fire Island, NY, United States",55,61,0.32972972972973
"Hartford, CT, United States",57,60,0.324324324324324
"Louisville, KY, United States",57,60,0.324324324324324
"Nashville, TN, United States",59,58,0.313513513513514
"Norfolk, VA, United States",59,58,0.313513513513514
"Memphis, TN, United States",61,57,0.308108108108108
"New Hope, PA, United States",61,57,0.308108108108108
"Toledo, OH, United States",61,57,0.308108108108108
"Reno, NV, United States",64,56,0.302702702702703
"Miami Beach, FL, United States",65,55,0.297297297297297
"Birmingham, AL, United States",66,53,0.286486486486487
"Fort Worth, TX, United States",67,51,0.275675675675676
"Asbury Park, NJ, United States",68,50,0.27027027027027
"Albany, NY, United States",69,49,0.264864864864865
"Garden Grove, CA, United States",69,49,0.264864864864865
"Harrisburg, PA, United States",69,49,0.264864864864865
"Akron, OH, United States",72,47,0.254054054054054
"Albuquerque, NM, United States",72,47,0.254054054054054
"Colorado Springs, CO, United States",72,47,0.254054054054054
"Ogunquit, ME, United States",72,47,0.254054054054054
"Pensacola, FL, United States",76,43,0.232432432432432
"Richmond, VA, United States",76,43,0.232432432432432
"Des Moines, IA, United States",78,42,0.227027027027027
"Fresno, CA, United States",78,42,0.227027027027027
"Waikiki Beach, Oahu, HI, United States",80,41,0.221621621621622
"West Palm Beach, FL, United States",80,41,0.221621621621622
"Queens, NY, United States",82,40,0.216216216216216
"Daytona Beach, FL, United States",83,39,0.210810810810811
"Galveston, TX, United States",83,39,0.210810810810811
"Madison, WI, United States",85,38,0.205405405405405
"Omaha, NE, United States",85,38,0.205405405405405
"Spokane, WA, United States",85,38,0.205405405405405
"Columbia, SC, United States",88,37,0.2
"New Haven, CT, United States",88,37,0.2
"Anchorage, AK, United States",90,36,0.194594594594595
"Dayton, OH, United States",91,35,0.189189189189189
"Knoxville, TN, United States",91,35,0.189189189189189
"Lincoln, NE, United States",91,35,0.189189189189189
"Santa Barbara, CA, United States",94,34,0.183783783783784
"Wichita, KS, United States",95,33,0.178378378378378
"Grand Rapids, MI, United States",96,32,0.172972972972973
"Waikiki, HI, United States",96,32,0.172972972972973
"Brooklyn, NY, United States",98,31,0.167567567567568
"Greensboro, NC, United States",98,31,0.167567567567568
"Pasadena, CA, United States",98,31,0.167567567567568
"Pomona, CA, United States",98,31,0.167567567567568
"Santa Monica, CA, United States",98,31,0.167567567567568
"Chattanooga, TN, United States",103,30,0.162162162162162
"Condado, PR, United States",103,30,0.162162162162162
"Raleigh, NC, United States",103,30,0.162162162162162
"Calumet City, IL, United States",106,29,0.156756756756757
"Charleston, SC, United States",106,29,0.156756756756757
"Charlotte Amalie, St. Thomas, VI, United States",106,29,0.156756756756757
"Hayward, CA, United States",106,29,0.156756756756757
"Lancaster, PA, United States",106,29,0.156756756756757
"Savannah, GA, United States",106,29,0.156756756756757
"Wilmington, DE, United States",106,29,0.156756756756757
"Baton Rouge, LA, United States",113,28,0.151351351351351
"Fort Wayne, IN, United States",113,28,0.151351351351351
"Little Rock, AR, United States",113,28,0.151351351351351
"Russian River, CA, United States",113,28,0.151351351351351
"Portland, ME, United States",117,27,0.145945945945946
"Tacoma, WA, United States",117,27,0.145945945945946
"Lexington, KY, United States",119,26,0.140540540540541
"St. Petersburg, FL, United States",119,26,0.140540540540541
"Hollywood, FL, United States",121,25,0.135135135135135
"Lansing, MI, United States",121,25,0.135135135135135
"Springfield, MA, United States",121,25,0.135135135135135
"St. Paul, MN, United States",121,25,0.135135135135135
"Corpus Christi, TX, United States",125,24,0.12972972972973
"Fort Myers, FL, United States",125,24,0.12972972972973
"Guerneville, CA, United States",125,24,0.12972972972973
"Palo Alto, CA, United States",125,24,0.12972972972973
"Topeka, KS, United States",125,24,0.12972972972973
"Manchester, NH, United States",130,23,0.124324324324324
"Mobile, AL, United States",130,23,0.124324324324324
"Monterey, CA, United States",130,23,0.124324324324324
"Sarasota, FL, United States",130,23,0.124324324324324
"Saugatuck, MI, United States",130,23,0.124324324324324
"Sherman Oaks, CA, United States",130,23,0.124324324324324
"Springfield, IL, United States",130,23,0.124324324324324
"Wichita Falls, TX, United States",130,23,0.124324324324324
"Cathedral City, CA, United States",138,22,0.118918918918919
"Worcester, MA, United States",138,22,0.118918918918919
"Cedar Rapids, IA, United States",140,21,0.113513513513514
"Rockford, IL, United States",140,21,0.113513513513514
"Binghamton, NY, United States",142,20,0.108108108108108
"Champaign, IL, United States",142,20,0.108108108108108
"Jackson, MS, United States",142,20,0.108108108108108
"Rehoboth Beach, DE, United States",142,20,0.108108108108108
"Shreveport, LA, United States",142,20,0.108108108108108
"Trenton, NJ, United States",142,20,0.108108108108108
"Waco, TX, United States",142,20,0.108108108108108
"Amarillo, TX, United States",149,19,0.102702702702703
"Canton, OH, United States",149,19,0.102702702702703
"Charleston, WV, United States",149,19,0.102702702702703
"Cheyenne, WY, United States",149,19,0.102702702702703
"Eugene, OR, United States",149,19,0.102702702702703
"Montgomery, AL, United States",149,19,0.102702702702703
"Rock Island, IL, United States",149,19,0.102702702702703
"St. Joseph, MO, United States",149,19,0.102702702702703
"Youngstown, OH, United States",149,19,0.102702702702703
"Fayetteville, NC, United States",158,18,0.0972972972972973
"Great Falls, MT, United States",158,18,0.0972972972972973
"Honolulu, HI, United States",158,18,0.0972972972972973
"South Bend, IN, United States",158,18,0.0972972972972973
"Cambridge, MA, United States",162,17,0.0918918918918919
"Columbus, GA, United States",162,17,0.0918918918918919
"Flint, MI, United States",162,17,0.0918918918918919
"McAllen, TX, United States",162,17,0.0918918918918919
"Monroe, LA, United States",162,17,0.0918918918918919
"Reading, PA, United States",162,17,0.0918918918918919
"Redondo Beach, CA, United States",162,17,0.0918918918918919
"Redwood City, CA, United States",162,17,0.0918918918918919
"San Bernardino, CA, United States",162,17,0.0918918918918919
"Santa Fe, NM, United States",162,17,0.0918918918918919
"Scranton, PA, United States",162,17,0.0918918918918919
"State College, PA, United States",162,17,0.0918918918918919
"Yuma, AZ, United States",162,17,0.0918918918918919
"Allentown, PA, United States",175,16,0.0864864864864865
"Bloomington, IN, United States",175,16,0.0864864864864865
"Fargo, ND, United States",175,16,0.0864864864864865
"Gainesville, FL, United States",175,16,0.0864864864864865
"Green Bay, WI, United States",175,16,0.0864864864864865
"Peoria, IL, United States",175,16,0.0864864864864865
"Roanoke, VA, United States",175,16,0.0864864864864865
"Santa Cruz, CA, United States",175,16,0.0864864864864865
"Tuscaloosa, AL, United States",175,16,0.0864864864864865
"Ann Arbor, MI, United States",184,15,0.0810810810810811
"Annapolis, MD, United States",184,15,0.0810810810810811
"Burlington, VT, United States",184,15,0.0810810810810811
"Costa Mesa, CA, United States",184,15,0.0810810810810811
"Durham, NC, United States",184,15,0.0810810810810811
"East Hampton, NY, United States",184,15,0.0810810810810811
"Easton, PA, United States",184,15,0.0810810810810811
"Elmira, NY, United States",184,15,0.0810810810810811
"Erie, PA, United States",184,15,0.0810810810810811
"Evansville, IN, United States",184,15,0.0810810810810811
"Huntington, WV, United States",184,15,0.0810810810810811
"Joplin, MO, United States",184,15,0.0810810810810811
"Lambertville, NJ, United States",184,15,0.0810810810810811
"Muncie, IN, United States",184,15,0.0810810810810811
"Newport, RI, United States",184,15,0.0810810810810811
"Riverside, CA, United States",184,15,0.0810810810810811
"Sioux Falls, SD, United States",184,15,0.0810810810810811
"Stockton, CA, United States",184,15,0.0810810810810811
"Bellingham, WA, United States",202,14,0.0756756756756757
"Boise, ID, United States",202,14,0.0756756756756757
"Clearwater, FL, United States",202,14,0.0756756756756757
"Eureka, CA, United States",202,14,0.0756756756756757
"Huntington Park, CA, United States",202,14,0.0756756756756757
"Inglewood, CA, United States",202,14,0.0756756756756757
"Ithaca, NY, United States",202,14,0.0756756756756757
"Lake Worth, FL, United States",202,14,0.0756756756756757
"Lubbock, TX, United States",202,14,0.0756756756756757
"Newark, NJ, United States",202,14,0.0756756756756757
"Oceanside, CA, United States",202,14,0.0756756756756757
"Tallahassee, FL, United States",202,14,0.0756756756756757
"Wilmington, NC, United States",202,14,0.0756756756756757
"Winston-Salem, NC, United States",202,14,0.0756756756756757
"Alexandria, LA, United States",216,13,0.0702702702702703
"Appleton, WI, United States",216,13,0.0702702702702703
"Coshocton, OH, United States",216,13,0.0702702702702703
"Duluth, MN, United States",216,13,0.0702702702702703
"Forest Park, IL, United States",216,13,0.0702702702702703
"Lafayette, LA, United States",216,13,0.0702702702702703
"Lake Placid, NY, United States",216,13,0.0702702702702703
"Modesto, CA, United States",216,13,0.0702702702702703
"Muskegon, MI, United States",216,13,0.0702702702702703
"Parkersburg, WV, United States",216,13,0.0702702702702703
"Quincy, IL, United States",216,13,0.0702702702702703
"Santa Rosa, CA, United States",216,13,0.0702702702702703
"Schenectady, NY, United States",216,13,0.0702702702702703
"Springfield, MO, United States",216,13,0.0702702702702703
"Terre Haute, IN, United States",216,13,0.0702702702702703
"Utica, NY, United States",216,13,0.0702702702702703
"York, PA, United States",216,13,0.0702702702702703
"Aspen, CO, United States",233,12,0.0648648648648649
"Auburn, AL, United States",233,12,0.0648648648648649
"Bakersfield, CA, United States",233,12,0.0648648648648649
"Bridgeport, CT, United States",233,12,0.0648648648648649
"Ft. Smith, AR, United States",233,12,0.0648648648648649
"Marquette, MI, United States",233,12,0.0648648648648649
"New Bedford, MA, United States",233,12,0.0648648648648649
"Nyack, NY, United States",233,12,0.0648648648648649
"Pittsfield, MA, United States",233,12,0.0648648648648649
"Portsmouth, NH, United States",233,12,0.0648648648648649
"Poughkeepsie, NY, United States",233,12,0.0648648648648649
"Princeton, NJ, United States",233,12,0.0648648648648649
"Rochester, MN, United States",233,12,0.0648648648648649
"San Rafael, CA, United States",233,12,0.0648648648648649
"Troy, MI, United States",233,12,0.0648648648648649
"Asheville, NC, United States",248,11,0.0594594594594595
"Athens, GA, United States",248,11,0.0594594594594595
"Bellmore, NY, United States",248,11,0.0594594594594595
"Berkeley, CA, United States",248,11,0.0594594594594595
"Cupertino, CA, United States",248,11,0.0594594594594595
"El Monte, CA, United States",248,11,0.0594594594594595
"Fayetteville, AR, United States",248,11,0.0594594594594595
"Kansas City, KS, United States",248,11,0.0594594594594595
"Macon, GA, United States",248,11,0.0594594594594595
"Missoula, MT, United States",248,11,0.0594594594594595
"New London, CT, United States",248,11,0.0594594594594595
"Panama City, FL, United States",248,11,0.0594594594594595
"Plattsburg, NY, United States",248,11,0.0594594594594595
"Pueblo, CO, United States",248,11,0.0594594594594595
"Rapid City, SD, United States",248,11,0.0594594594594595
"Salem, OR, United States",248,11,0.0594594594594595
"Scottsdale, AZ, United States",248,11,0.0594594594594595
"Superior, WI, United States",248,11,0.0594594594594595
"Vail, CO, United States",248,11,0.0594594594594595
"Venice, CA, United States",248,11,0.0594594594594595
"Waterloo, IA, United States",248,11,0.0594594594594595
"Boulder, CO, United States",269,10,0.0540540540540541
"Camden, NJ, United States",269,10,0.0540540540540541
"Chapel Hill, NC, United States",269,10,0.0540540540540541
"Columbia, MO, United States",269,10,0.0540540540540541
"Florence, SC, United States",269,10,0.0540540540540541
"Greenville, SC, United States",269,10,0.0540540540540541
"Hilo, HI, United States",269,10,0.0540540540540541
"Huntsville, AL, United States",269,10,0.0540540540540541
"Jamestown, NY, United States",269,10,0.0540540540540541
"Kenosha, WI, United States",269,10,0.0540540540540541
"Lowell, MA, United States",269,10,0.0540540540540541
"Meridian, MS, United States",269,10,0.0540540540540541
"Moscow, ID, United States",269,10,0.0540540540540541
"Odessa, TX, United States",269,10,0.0540540540540541
"Pocatello, ID, United States",269,10,0.0540540540540541
"Sausalito, CA, United States",269,10,0.0540540540540541
"Sayville, NY, United States",269,10,0.0540540540540541
"Staten Island, NY, United States",269,10,0.0540540540540541
"Steubenville, OH, United States",269,10,0.0540540540540541
"Tempe, AZ, United States",269,10,0.0540540540540541
"Warren, OH, United States",269,10,0.0540540540540541
"Bangor, ME, United States",290,9,0.0486486486486486
"Beaumont, TX, United States",290,9,0.0486486486486486
"Billings, MT, United States",290,9,0.0486486486486486
"Bronx, NY, United States",290,9,0.0486486486486486
"Burbank, CA, United States",290,9,0.0486486486486486
"Casper, WY, United States",290,9,0.0486486486486486
"Charlestown, WV, United States",290,9,0.0486486486486486
"Council Bluffs, IA, United States",290,9,0.0486486486486486
"East St Louis, IL, United States",290,9,0.0486486486486486
"Gardena, CA, United States",290,9,0.0486486486486486
"Hagerstown, MD, United States",290,9,0.0486486486486486
"Hallandale, FL, United States",290,9,0.0486486486486486
"Hot Springs, AR, United States",290,9,0.0486486486486486
"Idaho Falls, ID, United States",290,9,0.0486486486486486
"Iowa City, IA, United States",290,9,0.0486486486486486
"Johnson City, TN, United States",290,9,0.0486486486486486
"Juneau, AK, United States",290,9,0.0486486486486486
"La Crosse, WI, United States",290,9,0.0486486486486486
"Lake Charles, LA, United States",290,9,0.0486486486486486
"Lakewood, OH, United States",290,9,0.0486486486486486
"Lewiston, ME, United States",290,9,0.0486486486486486
"Mansfield, OH, United States",290,9,0.0486486486486486
"Medford, OR, United States",290,9,0.0486486486486486
"Mendocino, CA, United States",290,9,0.0486486486486486
"Mount Clemens, MI, United States",290,9,0.0486486486486486
"Ogden, UT, United States",290,9,0.0486486486486486
"Pinellas Park, FL, United States",290,9,0.0486486486486486
"Pontiac, MI, United States",290,9,0.0486486486486486
"Racine, WI, United States",290,9,0.0486486486486486
"Saginaw, MI, United States",290,9,0.0486486486486486
"Salinas, CA, United States",290,9,0.0486486486486486
"Santa Clara, CA, United States",290,9,0.0486486486486486
"Savannah Beach, GA, United States",290,9,0.0486486486486486
"Stockbridge, MA, United States",290,9,0.0486486486486486
"The Hamptons, NY, United States",290,9,0.0486486486486486
"Tupelo, MS, United States",290,9,0.0486486486486486
"Ventura, CA, United States",290,9,0.0486486486486486
"Vicksburg, MS, United States",290,9,0.0486486486486486
"Wheeling, WV, United States",290,9,0.0486486486486486
"Wilkes-Barre, PA, United States",290,9,0.0486486486486486
"Albany, GA, United States",330,8,0.0432432432432432
"Augusta, GA, United States",330,8,0.0432432432432432
"Biloxi, MS, United States",330,8,0.0432432432432432
"Carbondale, IL, United States",330,8,0.0432432432432432
"Chico, CA, United States",330,8,0.0432432432432432
"Everett, WA, United States",330,8,0.0432432432432432
"Hawthorne, CA, United States",330,8,0.0432432432432432
"Hialeah, FL, United States",330,8,0.0432432432432432
"Johnstown, PA, United States",330,8,0.0432432432432432
"Kalamazoo, MI, United States",330,8,0.0432432432432432
"Lynn, MA, United States",330,8,0.0432432432432432
"Nantucket, MA, United States",330,8,0.0432432432432432
"Tumon Bay, GU, United States",330,8,0.0432432432432432
"Walnut Creek, CA, United States",330,8,0.0432432432432432
"Westport, CT, United States",330,8,0.0432432432432432
"Yonkers, NY, United States",330,8,0.0432432432432432
"Bethany Beach, DE, United States",346,7,0.0378378378378378
"Breckenridge, CO, United States",346,7,0.0378378378378378
"Bremerton, WA, United States",346,7,0.0378378378378378
"Brookings, SD, United States",346,7,0.0378378378378378
"Clearlake, CA, United States",346,7,0.0378378378378378
"Deer Park, NY, United States",346,7,0.0378378378378378
"Elizabeth, NJ, United States",346,7,0.0378378378378378
"Eureka Springs, AR, United States",346,7,0.0378378378378378
"Fairbanks, AK, United States",346,7,0.0378378378378378
"Jefferson City, MO, United States",346,7,0.0378378378378378
"Joliet, IL, United States",346,7,0.0378378378378378
"Lafayette, IN, United States",346,7,0.0378378378378378
"Lake Ronkonkoma, NY, United States",346,7,0.0378378378378378
"Lake Tahoe, CA, United States",346,7,0.0378378378378378
"Lake Tahoe, NV, United States",346,7,0.0378378378378378
"Lakeland, FL, United States",346,7,0.0378378378378378
"Lewiston, ID, United States",346,7,0.0378378378378378
"Moorhead, MN, United States",346,7,0.0378378378378378
"Niagra Falls, NY, United States",346,7,0.0378378378378378
"Ocean City, MD, United States",346,7,0.0378378378378378
"Oshkosh, WI, United States",346,7,0.0378378378378378
"Rawlins, WY, United States",346,7,0.0378378378378378
"Redding, CA, United States",346,7,0.0378378378378378
"Santa Ana, CA, United States",346,7,0.0378378378378378
"Springfield, OH, United States",346,7,0.0378378378378378
"St. Cloud, MN, United States",346,7,0.0378378378378378
"Union City, NJ, United States",346,7,0.0378378378378378
"Vallejo, CA, United States",346,7,0.0378378378378378
"Watertown, NY, United States",346,7,0.0378378378378378
"Ames, IA, United States",375,6,0.0324324324324324
"Ashville, NC, United States",375,6,0.0324324324324324
"Big Rapids, MI, United States",375,6,0.0324324324324324
"Bismarck, ND, United States",375,6,0.0324324324324324
"Blaine, WA, United States",375,6,0.0324324324324324
"Bridgeport, PA, United States",375,6,0.0324324324324324
"Christiansted, St. Croix, VI, United States",375,6,0.0324324324324324
"Danville, VA, United States",375,6,0.0324324324324324
"Davenport, IA, United States",375,6,0.0324324324324324
"Decatur, AL, United States",375,6,0.0324324324324324
"Dillon, SC, United States",375,6,0.0324324324324324
"Floral Park, NY, United States",375,6,0.0324324324324324
"Forestville, CA, United States",375,6,0.0324324324324324
"Frederiksted, St. Croix, VI, United States",375,6,0.0324324324324324
"Grand Forks, ND, United States",375,6,0.0324324324324324
"Greensburg, PA, United States",375,6,0.0324324324324324
"Greenville, NC, United States",375,6,0.0324324324324324
"Hammond, IN, United States",375,6,0.0324324324324324
"Holland, MI, United States",375,6,0.0324324324324324
"Jackson, WY, United States",375,6,0.0324324324324324
"Jersey City, NJ, United States",375,6,0.0324324324324324
"Lake George, NY, United States",375,6,0.0324324324324324
"Martha's Vineyard, MA, United States",375,6,0.0324324324324324
"Mission Viejo, CA, United States",375,6,0.0324324324324324
"New Brunswick, NJ, United States",375,6,0.0324324324324324
"Norman, OK, United States",375,6,0.0324324324324324
"Oxford, MS, United States",375,6,0.0324324324324324
"Oxnard, CA, United States",375,6,0.0324324324324324
"Randolph, MA, United States",375,6,0.0324324324324324
"Rutland, VT, United States",375,6,0.0324324324324324
"Santa Maria, CA, United States",375,6,0.0324324324324324
"Sonoma, CA, United States",375,6,0.0324324324324324
"Tyngsboro, MA, United States",375,6,0.0324324324324324
"Abilene, TX, United States",408,5,0.027027027027027
"Alexandria, VA, United States",408,5,0.027027027027027
"Amherst, NY, United States",408,5,0.027027027027027
"Auburn, CA, United States",408,5,0.027027027027027
"Augusta, ME, United States",408,5,0.027027027027027
"Bay Shore, NY, United States",408,5,0.027027027027027
"Bellevue, NE, United States",408,5,0.027027027027027
"Butte, MT, United States",408,5,0.027027027027027
"Cocoa Beach, FL, United States",408,5,0.027027027027027
"Columbus, MS, United States",408,5,0.027027027027027
"Crestwood, IL, United States",408,5,0.027027027027027
"Culver City, CA, United States",408,5,0.027027027027027
"Cumberland, MD, United States",408,5,0.027027027027027
"East St. Louis, IL, United States",408,5,0.027027027027027
"Florence, AL, United States",408,5,0.027027027027027
"Ft. Walton Beach, FL, United States",408,5,0.027027027027027
"Hickory, NC, United States",408,5,0.027027027027027
"Honolulu, Oahu, HI, United States",408,5,0.027027027027027
"Jackson, MI, United States",408,5,0.027027027027027
"Jackson, TN, United States",408,5,0.027027027027027
"Kew Gardens, NY, United States",408,5,0.027027027027027
"Lawrence, KS, United States",408,5,0.027027027027027
"Lawton, OK, United States",408,5,0.027027027027027
"Lebanon, NH, United States",408,5,0.027027027027027
"Lima, OH, United States",408,5,0.027027027027027
"Morgan City, LA, United States",408,5,0.027027027027027
"Nevada City, CA, United States",408,5,0.027027027027027
"Paterson, NJ, United States",408,5,0.027027027027027
"Phillipsburg, NJ, United States",408,5,0.027027027027027
"Reseda, CA, United States",408,5,0.027027027027027
"San Gabriel, CA, United States",408,5,0.027027027027027
"Sedona, AZ, United States",408,5,0.027027027027027
"Sioux City, IA, United States",408,5,0.027027027027027
"South Padre Island, TX, United States",408,5,0.027027027027027
"St. Augustine, FL, United States",408,5,0.027027027027027
"Stroudsburg, PA, United States",408,5,0.027027027027027
"Victoria, TX, United States",408,5,0.027027027027027
"White Plains, NY, United States",408,5,0.027027027027027
"Williamsport, PA, United States",408,5,0.027027027027027
"Williamstown, MA, United States",408,5,0.027027027027027
"Wilmington, CA, United States",408,5,0.027027027027027
"Woodstock, NY, United States",408,5,0.027027027027027
"Ybor City, FL, United States",408,5,0.027027027027027
"Altoona, PA, United States",451,4,0.0216216216216216
"Amherst, MA, United States",451,4,0.0216216216216216
"Anaheim, CA, United States",451,4,0.0216216216216216
"Arlington, TX, United States",451,4,0.0216216216216216
"Arlington, VA, United States",451,4,0.0216216216216216
"Aurora, IL, United States",451,4,0.0216216216216216
"Bellows Falls, VT, United States",451,4,0.0216216216216216
"Bisbee, AZ, United States",451,4,0.0216216216216216
"Bloomington, IL, United States",451,4,0.0216216216216216
"Bluefield, WV, United States",451,4,0.0216216216216216
"Caldwell, ID, United States",451,4,0.0216216216216216
"Central Falls, RI, United States",451,4,0.0216216216216216
"Concord, NH, United States",451,4,0.0216216216216216
"Cresson, PA, United States",451,4,0.0216216216216216
"Danville, IL, United States",451,4,0.0216216216216216
"Detroit Lakes, MN, United States",451,4,0.0216216216216216
"Dickenson, ND, United States",451,4,0.0216216216216216
"Dothan, AL, United States",451,4,0.0216216216216216
"El Cajon, CA, United States",451,4,0.0216216216216216
"Fargo, NC, United States",451,4,0.0216216216216216
"Fremont, OH, United States",451,4,0.0216216216216216
"Greenwich, CT, United States",451,4,0.0216216216216216
"Hanover, NH, United States",451,4,0.0216216216216216
"Houma, LA, United States",451,4,0.0216216216216216
"Huntington, NY, United States",451,4,0.0216216216216216
"Jacksonville, IL, United States",451,4,0.0216216216216216
"Kalispell, MT, United States",451,4,0.0216216216216216
"Klamath Falls, OR, United States",451,4,0.0216216216216216
"Kokomo, IN, United States",451,4,0.0216216216216216
"Lahaina, Maui, HI, United States",451,4,0.0216216216216216
"Laramie, WY, United States",451,4,0.0216216216216216
"Lincoln City, OR, United States",451,4,0.0216216216216216
"Madeira Beach, FL, United States",451,4,0.0216216216216216
"Mankato, MN, United States",451,4,0.0216216216216216
"Marietta, PA, United States",451,4,0.0216216216216216
"Midway City, CA, United States",451,4,0.0216216216216216
"Monmouth, IL, United States",451,4,0.0216216216216216
"Mountain View, CA, United States",451,4,0.0216216216216216
"Ocean Beach, CA, United States",451,4,0.0216216216216216
"Olean, NY, United States",451,4,0.0216216216216216
"Orange, NJ, United States",451,4,0.0216216216216216
"Owensboro, KY, United States",451,4,0.0216216216216216
"Patterson, NJ, United States",451,4,0.0216216216216216
"Pierre, SD, United States",451,4,0.0216216216216216
"Port Huron, MI, United States",451,4,0.0216216216216216
"Rancho Mirage, CA, United States",451,4,0.0216216216216216
"Rockbridge, OH, United States",451,4,0.0216216216216216
"Rome, NY, United States",451,4,0.0216216216216216
"Ronan, MT, United States",451,4,0.0216216216216216
"Running Springs, CA, United States",451,4,0.0216216216216216
"San Luis Obispo, CA, United States",451,4,0.0216216216216216
"San Mateo, CA, United States",451,4,0.0216216216216216
"Sandusky, OH, United States",451,4,0.0216216216216216
"Santurce, PR, United States",451,4,0.0216216216216216
"Sault Ste. Marie, MI, United States",451,4,0.0216216216216216
"Somerville, MA, United States",451,4,0.0216216216216216
"Sun Valley, ID, United States",451,4,0.0216216216216216
"Tannersville, PA, United States",451,4,0.0216216216216216
"Temple, TX, United States",451,4,0.0216216216216216
"Towson, MD, United States",451,4,0.0216216216216216
"Urbana, IL, United States",451,4,0.0216216216216216
"Waterbury, CT, United States",451,4,0.0216216216216216
"Wausau, WI, United States",451,4,0.0216216216216216
"West Hempstead, NY, United States",451,4,0.0216216216216216
"Woonsocket, RI, United States",451,4,0.0216216216216216
"Aberdeen, WA, United States",516,3,0.0162162162162162
"Aguas Buenas, PR, United States",516,3,0.0162162162162162
"Alameda, CA, United States",516,3,0.0162162162162162
"Ashland, OR, United States",516,3,0.0162162162162162
"Babylon, NY, United States",516,3,0.0162162162162162
"Balboa, CA, United States",516,3,0.0162162162162162
"Barnegat Light, NJ, United States",516,3,0.0162162162162162
"Berlin, VT, United States",516,3,0.0162162162162162
"Bozeman, MT, United States",516,3,0.0162162162162162
"Brattleboro, VT, United States",516,3,0.0162162162162162
"Bridgehampton, NY, United States",516,3,0.0162162162162162
"Charlottesville, VA, United States",516,3,0.0162162162162162
"Cherry Hill, NJ, United States",516,3,0.0162162162162162
"Chester, PA, United States",516,3,0.0162162162162162
"Clarksburg, WV, United States",516,3,0.0162162162162162
"Clarksville, TN, United States",516,3,0.0162162162162162
"Coconut Grove, FL, United States",516,3,0.0162162162162162
"College Station, TX, United States",516,3,0.0162162162162162
"Concord, CA, United States",516,3,0.0162162162162162
"Congers, NY, United States",516,3,0.0162162162162162
"Coos Bay, OR, United States",516,3,0.0162162162162162
"Covington, KY, United States",516,3,0.0162162162162162
"Davis, CA, United States",516,3,0.0162162162162162
"Des Plaines, IL, United States",516,3,0.0162162162162162
"Dixmore, IL, United States",516,3,0.0162162162162162
"Dover, DE, United States",516,3,0.0162162162162162
"Dover, NJ, United States",516,3,0.0162162162162162
"Duarte, CA, United States",516,3,0.0162162162162162
"Duncan Mills, CA, United States",516,3,0.0162162162162162
"East Orange, NJ, United States",516,3,0.0162162162162162
"Echo Park, CA, United States",516,3,0.0162162162162162
"Evanston, IL, United States",516,3,0.0162162162162162
"Fall River, MA, United States",516,3,0.0162162162162162
"Ft. Pierce, FL, United States",516,3,0.0162162162162162
"Gadsden, AL, United States",516,3,0.0162162162162162
"Glen Rose, TX, United States",516,3,0.0162162162162162
"Grand Haven, MI, United States",516,3,0.0162162162162162
"Grand Island, NE, United States",516,3,0.0162162162162162
"Grand Junction, CO, United States",516,3,0.0162162162162162
"Harpers Ferry, WV, United States",516,3,0.0162162162162162
"Hattiesburg, MS, United States",516,3,0.0162162162162162
"Hermosa Beach, CA, United States",516,3,0.0162162162162162
"Hyannis, MA, United States",516,3,0.0162162162162162
"Jackson, NH, United States",516,3,0.0162162162162162
"Jacksonville, NC, United States",516,3,0.0162162162162162
"Jamaica, NY, United States",516,3,0.0162162162162162
"Johnson City, NY, United States",516,3,0.0162162162162162
"Kingston, NJ, United States",516,3,0.0162162162162162
"Lancaster, CA, United States",516,3,0.0162162162162162
"Laredo, TX, United States",516,3,0.0162162162162162
"Lexington, NC, United States",516,3,0.0162162162162162
"Lindenhurst, NY, United States",516,3,0.0162162162162162
"Longview, TX, United States",516,3,0.0162162162162162
"Lorain, OH, United States",516,3,0.0162162162162162
"Macomb, IL, United States",516,3,0.0162162162162162
"Mayaguez, PR, United States",516,3,0.0162162162162162
"Medford, MA, United States",516,3,0.0162162162162162
"Melbourne, FL, United States",516,3,0.0162162162162162
"Michigan City, IN, United States",516,3,0.0162162162162162
"Minot, ND, United States",516,3,0.0162162162162162
"Miramar, PR, United States",516,3,0.0162162162162162
"Moberly, MO, United States",516,3,0.0162162162162162
"Montclair, CA, United States",516,3,0.0162162162162162
"Morgantown, WV, United States",516,3,0.0162162162162162
"Murpheesboro, TN, United States",516,3,0.0162162162162162
"Napa, CA, United States",516,3,0.0162162162162162
"Naples, FL, United States",516,3,0.0162162162162162
"North Beach, MD, United States",516,3,0.0162162162162162
"North Conway, NH, United States",516,3,0.0162162162162162
"Olympia, WA, United States",516,3,0.0162162162162162
"Overland Park, KS, United States",516,3,0.0162162162162162
"Pacific Beach, CA, United States",516,3,0.0162162162162162
"Painsville, OH, United States",516,3,0.0162162162162162
"Pascagoula, MS, United States",516,3,0.0162162162162162
"Patchoque, NY, United States",516,3,0.0162162162162162
"Piqua, OH, United States",516,3,0.0162162162162162
"Plainfield, NJ, United States",516,3,0.0162162162162162
"Pocono Mts., PA, United States",516,3,0.0162162162162162
"Pompano Beach, FL, United States",516,3,0.0162162162162162
"Ponce, PR, United States",516,3,0.0162162162162162
"Punta Gorda, FL, United States",516,3,0.0162162162162162
"Richmond Hill, NY, United States",516,3,0.0162162162162162
"Rock Springs, WY, United States",516,3,0.0162162162162162
"San Clemente, CA, United States",516,3,0.0162162162162162
"Saranac Lake, NY, United States",516,3,0.0162162162162162
"Shaker Heights, OH, United States",516,3,0.0162162162162162
"Smithfield, RI, United States",516,3,0.0162162162162162
"Southfield, MI, United States",516,3,0.0162162162162162
"Sparks, NV, United States",516,3,0.0162162162162162
"Spartanburg, SC, United States",516,3,0.0162162162162162
"Torrance, CA, United States",516,3,0.0162162162162162
"Tupper Lake, NY, United States",516,3,0.0162162162162162
"Ukiah, CA, United States",516,3,0.0162162162162162
"Wailuku, Maui, HI, United States",516,3,0.0162162162162162
"Ware, MA, United States",516,3,0.0162162162162162
"Waterville, ME, United States",516,3,0.0162162162162162
"West Babylon, NY, United States",516,3,0.0162162162162162
"West Lebanon, NH, United States",516,3,0.0162162162162162
"Westtown, NY, United States",516,3,0.0162162162162162
"White River Junction, VT, United States",516,3,0.0162162162162162
"Woodland Hills, CA, United States",516,3,0.0162162162162162
"Woodside, NY, United States",516,3,0.0162162162162162
"Yosemite, CA, United States",516,3,0.0162162162162162
"Aberdeen, SD, United States",619,2,0.0108108108108108
"Adrian, MI, United States",619,2,0.0108108108108108
"Alamagordo, NM, United States",619,2,0.0108108108108108
"Anoka, MN, United States",619,2,0.0108108108108108
"Arcadia, CA, United States",619,2,0.0108108108108108
"Battle Creek, MI, United States",619,2,0.0108108108108108
"Bay City, MI, United States",619,2,0.0108108108108108
"Bayville, NY, United States",619,2,0.0108108108108108
"Beaver Dam, WI, United States",619,2,0.0108108108108108
"Beckley, WV, United States",619,2,0.0108108108108108
"Berwyn, IL, United States",619,2,0.0108108108108108
"Bethlehem, PA, United States",619,2,0.0108108108108108
"Beverly Shores, IN, United States",619,2,0.0108108108108108
"Biddeford, ME, United States",619,2,0.0108108108108108
"Big Bear, CA, United States",619,2,0.0108108108108108
"Black River, NY, United States",619,2,0.0108108108108108
"Boca Raton, FL, United States",619,2,0.0108108108108108
"Boonville, CA, United States",619,2,0.0108108108108108
"Boulder, MT, United States",619,2,0.0108108108108108
"Brownsville, TX, United States",619,2,0.0108108108108108
"Brunswick, ME, United States",619,2,0.0108108108108108
"Bryte, CA, United States",619,2,0.0108108108108108
"Caliente, CA, United States",619,2,0.0108108108108108
"Campbell, CA, United States",619,2,0.0108108108108108
"Carmel, CA, United States",619,2,0.0108108108108108
"Chittenango, NY, United States",619,2,0.0108108108108108
"Clinton, IA, United States",619,2,0.0108108108108108
"Convent Station, NJ, United States",619,2,0.0108108108108108
"Cooperstown, NY, United States",619,2,0.0108108108108108
"Corvallis, OR, United States",619,2,0.0108108108108108
"Danbury, CT, United States",619,2,0.0108108108108108
"Dania, FL, United States",619,2,0.0108108108108108
"Descanso, CA, United States",619,2,0.0108108108108108
"Dubuque, IA, United States",619,2,0.0108108108108108
"Duncansville, PA, United States",619,2,0.0108108108108108
"Dunedin, FL, United States",619,2,0.0108108108108108
"Durango, CO, United States",619,2,0.0108108108108108
"Dutch Flat, CA, United States",619,2,0.0108108108108108
"East Barnet, VT, United States",619,2,0.0108108108108108
"East Northport, NY, United States",619,2,0.0108108108108108
"Eastport, MD, United States",619,2,0.0108108108108108
"Eau Claire, WI, United States",619,2,0.0108108108108108
"El Sobrante, CA, United States",619,2,0.0108108108108108
"Escondido, CA, United States",619,2,0.0108108108108108
"Fairfax, CA, United States",619,2,0.0108108108108108
"Flushing, NY, United States",619,2,0.0108108108108108
"Fond Du Lac, WI, United States",619,2,0.0108108108108108
"Fontana, CA, United States",619,2,0.0108108108108108
"Fort Bragg, CA, United States",619,2,0.0108108108108108
"Fort Collins, CO, United States",619,2,0.0108108108108108
"Ft. Dodge, IA, United States",619,2,0.0108108108108108
"Ft. Lee, NJ, United States",619,2,0.0108108108108108
"Fullerton, CA, United States",619,2,0.0108108108108108
"Garrison, NY, United States",619,2,0.0108108108108108
"Gastonia, NC, United States",619,2,0.0108108108108108
"Gatlinburg, TN, United States",619,2,0.0108108108108108
"Geneva on the Lake, OH, United States",619,2,0.0108108108108108
"Ghent, NY, United States",619,2,0.0108108108108108
"Glendale, AZ, United States",619,2,0.0108108108108108
"Glenhaven, CA, United States",619,2,0.0108108108108108
"Golden, CO, United States",619,2,0.0108108108108108
"Greenburg, PA, United States",619,2,0.0108108108108108
"Gulfport, MS, United States",619,2,0.0108108108108108
"Guttenberg, NJ, United States",619,2,0.0108108108108108
"Hackensack, NJ, United States",619,2,0.0108108108108108
"Hampton, NH, United States",619,2,0.0108108108108108
"Hato Ray, PR, United States",619,2,0.0108108108108108
"Helena, MT, United States",619,2,0.0108108108108108
"Hicksville, NY, United States",619,2,0.0108108108108108
"Highland Park, NY, United States",619,2,0.0108108108108108
"Highland, NY, United States",619,2,0.0108108108108108
"Indio, CA, United States",619,2,0.0108108108108108
"Jacksonville, AL, United States",619,2,0.0108108108108108
"Janesville, WI, United States",619,2,0.0108108108108108
"Kapaa-Wailua, Kauai, HI, United States",619,2,0.0108108108108108
"Killeen, TX, United States",619,2,0.0108108108108108
"Kingman, AZ, United States",619,2,0.0108108108108108
"Kona, HI, United States",619,2,0.0108108108108108
"Laconia, NH, United States",619,2,0.0108108108108108
"Lahaina, HI, United States",619,2,0.0108108108108108
"Lake Alfred, FL, United States",619,2,0.0108108108108108
"Manhattan Beach, CA, United States",619,2,0.0108108108108108
"Manitowac, WI, United States",619,2,0.0108108108108108
"Marion, IL, United States",619,2,0.0108108108108108
"Mason City, IA, United States",619,2,0.0108108108108108
"Miamisburg, OH, United States",619,2,0.0108108108108108
"Middletown, NY, United States",619,2,0.0108108108108108
"Mine Hill, NJ, United States",619,2,0.0108108108108108
"Monroe, NY, United States",619,2,0.0108108108108108
"Montara, CA, United States",619,2,0.0108108108108108
"Monte Rio, CA, United States",619,2,0.0108108108108108
"Montgomeryville, PA, United States",619,2,0.0108108108108108
"Mt. Vernon, WA, United States",619,2,0.0108108108108108
"Myrtle Beach, SC, United States",619,2,0.0108108108108108
"New Britain, CT, United States",619,2,0.0108108108108108
"New Kensington, PA, United States",619,2,0.0108108108108108
"New Milford, CT, United States",619,2,0.0108108108108108
"New Paltz, NY, United States",619,2,0.0108108108108108
"New Rochelle, NY, United States",619,2,0.0108108108108108
"Newark, DE, United States",619,2,0.0108108108108108
"North Bend, OR, United States",619,2,0.0108108108108108
"North Salem, NY, United States",619,2,0.0108108108108108
"Pacific Grove, CA, United States",619,2,0.0108108108108108
"Paducah, KY, United States",619,2,0.0108108108108108
"Pasaic, NJ, United States",619,2,0.0108108108108108
"Passaic, NJ, United States",619,2,0.0108108108108108
"Peabody, MA, United States",619,2,0.0108108108108108
"Petoskey, MI, United States",619,2,0.0108108108108108
"Phenix City, AL, United States",619,2,0.0108108108108108
"Phillipsville, CA, United States",619,2,0.0108108108108108
"Piermont, NY, United States",619,2,0.0108108108108108
"Pine HIll, NY, United States",619,2,0.0108108108108108
"Plymouth, MA, United States",619,2,0.0108108108108108
"Point Loma, CA, United States",619,2,0.0108108108108108
"Pomeroy, WA, United States",619,2,0.0108108108108108
"Port Chester, NY, United States",619,2,0.0108108108108108
"Prescott, AZ, United States",619,2,0.0108108108108108
"Revere Beach, MA, United States",619,2,0.0108108108108108
"River Edge, NJ, United States",619,2,0.0108108108108108
"Roseburg, OR, United States",619,2,0.0108108108108108
"Salina, KS, United States",619,2,0.0108108108108108
"San Leandro, CA, United States",619,2,0.0108108108108108
"San Marcos, TX, United States",619,2,0.0108108108108108
"Schenley, PA, United States",619,2,0.0108108108108108
"Shawano Lake, WI, United States",619,2,0.0108108108108108
"Silver Springs, MD, United States",619,2,0.0108108108108108
"Smithtown, NY, United States",619,2,0.0108108108108108
"South River, NJ, United States",619,2,0.0108108108108108
"Spruce Pine, NC, United States",619,2,0.0108108108108108
"St. Petersburg Beach, FL, United States",619,2,0.0108108108108108
"St. Simons Island, GA, United States",619,2,0.0108108108108108
"Stowe, VT, United States",619,2,0.0108108108108108
"Sunnyvale, CA, United States",619,2,0.0108108108108108
"Telluride, CO, United States",619,2,0.0108108108108108
"Texarkana, TX, United States",619,2,0.0108108108108108
"Traverse City, MI, United States",619,2,0.0108108108108108
"Truckee, CA, United States",619,2,0.0108108108108108
"Tyler, TX, United States",619,2,0.0108108108108108
"Upland, CA, United States",619,2,0.0108108108108108
"Victorville, CA, United States",619,2,0.0108108108108108
"Virginia Beach, VA, United States",619,2,0.0108108108108108
"Warren, VT, United States",619,2,0.0108108108108108
"West Covina, CA, United States",619,2,0.0108108108108108
"West New York, NJ, United States",619,2,0.0108108108108108
"Wilcox, AZ, United States",619,2,0.0108108108108108
"Winter Park, FL, United States",619,2,0.0108108108108108
"Wiona, MN, United States",619,2,0.0108108108108108
"Wood River, IL, United States",619,2,0.0108108108108108
"Woodbury, NY, United States",619,2,0.0108108108108108
"Wrightsville Beach, NC, United States",619,2,0.0108108108108108
"Yachats, OR, United States",619,2,0.0108108108108108
"Yuba City, CA, United States",619,2,0.0108108108108108
"Abbeyville, LA, United States",771,1,0.00540540540540541
"Agana, GU, United States",771,1,0.00540540540540541
"Albany, CA, United States",771,1,0.00540540540540541
"Amelia Island, FL, United States",771,1,0.00540540540540541
"Anahola, Kauai, HI, United States",771,1,0.00540540540540541
"Anderson, IN, United States",771,1,0.00540540540540541
"Andrews, IN, United States",771,1,0.00540540540540541
"Antioch, IL, United States",771,1,0.00540540540540541
"Arlington, MA, United States",771,1,0.00540540540540541
"Arlington, VT, United States",771,1,0.00540540540540541
"Ascutney, VT, United States",771,1,0.00540540540540541
"Astoria, NY, United States",771,1,0.00540540540540541
"Athens, OH, United States",771,1,0.00540540540540541
"Avenel, NJ, United States",771,1,0.00540540540540541
"Avon, MA, United States",771,1,0.00540540540540541
"Azusa, CA, United States",771,1,0.00540540540540541
"Baldwin, NY, United States",771,1,0.00540540540540541
"Barberton, OH, United States",771,1,0.00540540540540541
"Barboursville, WV, United States",771,1,0.00540540540540541
"Barre, VT, United States",771,1,0.00540540540540541
"Bay Ridge, NY, United States",771,1,0.00540540540540541
"Belleville, IL, United States",771,1,0.00540540540540541
"Belleville, NJ, United States",771,1,0.00540540540540541
"Bellflower, CA, United States",771,1,0.00540540540540541
"Bellmawr, NJ, United States",771,1,0.00540540540540541
"Bellport, NY, United States",771,1,0.00540540540540541
"Beltsville, MD, United States",771,1,0.00540540540540541
"Belvidere, NJ, United States",771,1,0.00540540540540541
"Bemidji, MN, United States",771,1,0.00540540540540541
"Berwick, PA, United States",771,1,0.00540540540540541
"Berwin, IL, United States",771,1,0.00540540540540541
"Bethlehem, NH, United States",771,1,0.00540540540540541
"Bettendorf, IA, United States",771,1,0.00540540540540541
"Beverly Hills, CA, United States",771,1,0.00540540540540541
"Big Bear Lake, CA, United States",771,1,0.00540540540540541
"Birmingham, MI, United States",771,1,0.00540540540540541
"Bismarck, NC, United States",771,1,0.00540540540540541
"Blacksburg, VA, United States",771,1,0.00540540540540541
"Bloomingdale, NY, United States",771,1,0.00540540540540541
"Blue Island, IL, United States",771,1,0.00540540540540541
"Blue Point, NY, United States",771,1,0.00540540540540541
"Boerum Hill, NY, United States",771,1,0.00540540540540541
"Bohemia, NY, United States",771,1,0.00540540540540541
"Bordentown, NJ, United States",771,1,0.00540540540540541
"Bossier City, LA, United States",771,1,0.00540540540540541
"Bradenton, FL, United States",771,1,0.00540540540540541
"Brattlesboro, VT, United States",771,1,0.00540540540540541
"Brewer, ME, United States",771,1,0.00540540540540541
"Brick Town, NJ, United States",771,1,0.00540540540540541
"Brinnon, WA, United States",771,1,0.00540540540540541
"Bristol, CT, United States",771,1,0.00540540540540541
"Brockton, MA, United States",771,1,0.00540540540540541
"Brookfield, CT, United States",771,1,0.00540540540540541
"Brooklyn, MI, United States",771,1,0.00540540540540541
"Butler, PA, United States",771,1,0.00540540540540541
"Cape Coral, FL, United States",771,1,0.00540540540540541
"Cape Girardeau, MO, United States",771,1,0.00540540540540541
"Cape May, NJ, United States",771,1,0.00540540540540541
"Carson City, NV, United States",771,1,0.00540540540540541
"Carversville, PA, United States",771,1,0.00540540540540541
"Center Moriches, NY, United States",771,1,0.00540540540540541
"Centre Harbor, NH, United States",771,1,0.00540540540540541
"Chester, OH, United States",771,1,0.00540540540540541
"Chicopee, MA, United States",771,1,0.00540540540540541
"Chillicothe, OH, United States",771,1,0.00540540540540541
"Chula Vista, CA, United States",771,1,0.00540540540540541
"Cicero, IL, United States",771,1,0.00540540540540541
"Claremore, OK, United States",771,1,0.00540540540540541
"Cleveland Heights, OH, United States",771,1,0.00540540540540541
"Clifton, NJ, United States",771,1,0.00540540540540541
"Clovis, NM, United States",771,1,0.00540540540540541
"Cold Spring, NY, United States",771,1,0.00540540540540541
"Collegeville, PA, United States",771,1,0.00540540540540541
"Colrain, ME, United States",771,1,0.00540540540540541
"Columbus, IN, United States",771,1,0.00540540540540541
"Coney Island, NY, United States",771,1,0.00540540540540541
"Conroe, TX, United States",771,1,0.00540540540540541
"Conway, NH, United States",771,1,0.00540540540540541
"Copiague, NY, United States",771,1,0.00540540540540541
"Coral Gables, FL, United States",771,1,0.00540540540540541
"Corning, NY, United States",771,1,0.00540540540540541
"Corona Del Mar, CA, United States",771,1,0.00540540540540541
"Corte Madera, CA, United States",771,1,0.00540540540540541
"Cortland, NY, United States",771,1,0.00540540540540541
"Covina, CA, United States",771,1,0.00540540540540541
"Cranston, RI, United States",771,1,0.00540540540540541
"Darien, CT, United States",771,1,0.00540540540540541
"Decanso, CA, United States",771,1,0.00540540540540541
"Decatur, IL, United States",771,1,0.00540540540540541
"Denton, TX, United States",771,1,0.00540540540540541
"Deptford, NJ, United States",771,1,0.00540540540540541
"Dillon, CO, United States",771,1,0.00540540540540541
"Dodson, LA, United States",771,1,0.00540540540540541
"Donna, TX, United States",771,1,0.00540540540540541
"Douglas, MI, United States",771,1,0.00540540540540541
"Dover, NH, United States",771,1,0.00540540540540541
"Doyleston, PA, United States",771,1,0.00540540540540541
"Dunkirk, NY, United States",771,1,0.00540540540540541
"Eagle Rock, CA, United States",771,1,0.00540540540540541
"East Dummerston, VT, United States",771,1,0.00540540540540541
"East Hardwick, VT, United States",771,1,0.00540540540540541
"East Islip, NY, United States",771,1,0.00540540540540541
"East Meadow, NY, United States",771,1,0.00540540540540541
"East Middlebury, VT, United States",771,1,0.00540540540540541
"East Patterson, NJ, United States",771,1,0.00540540540540541
"East Village, NY, United States",771,1,0.00540540540540541
"East Windsor, CT, United States",771,1,0.00540540540540541
"Edwardsville, PA, United States",771,1,0.00540540540540541
"El Centro, CA, United States",771,1,0.00540540540540541
"El Segundo, CA, United States",771,1,0.00540540540540541
"Elgin, IL, United States",771,1,0.00540540540540541
"Elizabeth, PA, United States",771,1,0.00540540540540541
"Elk Grove Village, IL, United States",771,1,0.00540540540540541
"Elkhart, IN, United States",771,1,0.00540540540540541
"Elmhurst, NY, United States",771,1,0.00540540540540541
"Enfield, CT, United States",771,1,0.00540540540540541
"Fairfield, CA, United States",771,1,0.00540540540540541
"Fairfield, IA, United States",771,1,0.00540540540540541
"Fairview, NJ, United States",771,1,0.00540540540540541
"Falls Church, VA, United States",771,1,0.00540540540540541
"Fells Point, MD, United States",771,1,0.00540540540540541
"Fennville, MI, United States",771,1,0.00540540540540541
"Ferndale, MI, United States",771,1,0.00540540540540541
"Ferrisburg, VT, United States",771,1,0.00540540540540541
"Fitchburg, MA, United States",771,1,0.00540540540540541
"Flagstaff, AZ, United States",771,1,0.00540540540540541
"Florence, KY, United States",771,1,0.00540540540540541
"Florence, NJ, United States",771,1,0.00540540540540541
"Fort Atkinson, WI, United States",771,1,0.00540540540540541
"Fox Lake, IL, United States",771,1,0.00540540540540541
"Franklin Park, IL, United States",771,1,0.00540540540540541
"Freehold, NJ, United States",771,1,0.00540540540540541
"Freeport, MD, United States",771,1,0.00540540540540541
"Fremont, CA, United States",771,1,0.00540540540540541
"Ft. McCoy, FL, United States",771,1,0.00540540540540541
"Galesburg, IL, United States",771,1,0.00540540540540541
"Galloway, WV, United States",771,1,0.00540540540540541
"Gary, IN, United States",771,1,0.00540540540540541
"Gibson, PA, United States",771,1,0.00540540540540541
"Glen Cove, NY, United States",771,1,0.00540540540540541
"Glenbrook, CT, United States",771,1,0.00540540540540541
"Glendora, CA, United States",771,1,0.00540540540540541
"Glenford, OH, United States",771,1,0.00540540540540541
"Goldsboro, NC, United States",771,1,0.00540540540540541
"Grand Forks, NC, United States",771,1,0.00540540540540541
"Grand Portage, MN, United States",771,1,0.00540540540540541
"Grand haven, MI, United States",771,1,0.00540540540540541
"Grants Pass, OR, United States",771,1,0.00540540540540541
"Grass Valley, CA, United States",771,1,0.00540540540540541
"Greenville, TN, United States",771,1,0.00540540540540541
"Greenwhich, CT, United States",771,1,0.00540540540540541
"Greenwood Lake, NY, United States",771,1,0.00540540540540541
"Hamilton, OH, United States",771,1,0.00540540540540541
"Haslett, MI, United States",771,1,0.00540540540540541
"Hauppauge, NY, United States",771,1,0.00540540540540541
"Hazleton, PA, United States",771,1,0.00540540540540541
"Hegins, PA, United States",771,1,0.00540540540540541
"Hempstead, NY, United States",771,1,0.00540540540540541
"Hermon, NY, United States",771,1,0.00540540540540541
"High Point, NC, United States",771,1,0.00540540540540541
"Highland Park, NJ, United States",771,1,0.00540540540540541
"Highland, CA, United States",771,1,0.00540540540540541
"Highlands, NJ, United States",771,1,0.00540540540540541
"Hilo, Hawaii, HI, United States",771,1,0.00540540540540541
"Hilton Head, SC, United States",771,1,0.00540540540540541
"Hinesburg, VT, United States",771,1,0.00540540540540541
"Hinsdale, IL, United States",771,1,0.00540540540540541
"Hoboken, NJ, United States",771,1,0.00540540540540541
"Hodges, SC, United States",771,1,0.00540540540540541
"Homestead, FL, United States",771,1,0.00540540540540541
"Homestead, PA, United States",771,1,0.00540540540540541
"Hoquiam, WA, United States",771,1,0.00540540540540541
"Houghton, MI, United States",771,1,0.00540540540540541
"Howell, NJ, United States",771,1,0.00540540540540541
"Huntsville, MO, United States",771,1,0.00540540540540541
"Hutchinson, KS, United States",771,1,0.00540540540540541
"Imperial Beach, CA, United States",771,1,0.00540540540540541
"Interlochen, MI, United States",771,1,0.00540540540540541
"Ipswich, MA, United States",771,1,0.00540540540540541
"Island Park, NY, United States",771,1,0.00540540540540541
"Jessup, MD, United States",771,1,0.00540540540540541
"Kailua-Kona, HI, United States",771,1,0.00540540540540541
"Kalakapei Beach, Kauai, HI, United States",771,1,0.00540540540540541
"Kalapana, HI, United States",771,1,0.00540540540540541
"Kankakee, IL, United States",771,1,0.00540540540540541
"Kearney, NE, United States",771,1,0.00540540540540541
"Kenmore, NY, United States",771,1,0.00540540540540541
"Kenner, LA, United States",771,1,0.00540540540540541
"Kent, OH, United States",771,1,0.00540540540540541
"Kenvil, NJ, United States",771,1,0.00540540540540541
"Ketchikan, AK, United States",771,1,0.00540540540540541
"Kettering, OH, United States",771,1,0.00540540540540541
"Kihei, Maui, HI, United States",771,1,0.00540540540540541
"Kingboro, MA, United States",771,1,0.00540540540540541
"Kittery, ME, United States",771,1,0.00540540540540541
"Kodiak Island, AK, United States",771,1,0.00540540540540541
"Kuhnsville, PA, United States",771,1,0.00540540540540541
"La Jolla, CA, United States",771,1,0.00540540540540541
"Laguna Hills, CA, United States",771,1,0.00540540540540541
"Laguna Niguel, CA, United States",771,1,0.00540540540540541
"Laguna, CA, United States",771,1,0.00540540540540541
"Lake Geneva, WI, United States",771,1,0.00540540540540541
"Lakeport, CA, United States",771,1,0.00540540540540541
"Lakeshore, OH, United States",771,1,0.00540540540540541
"Lakewood, NJ, United States",771,1,0.00540540540540541
"Lancaster, OH, United States",771,1,0.00540540540540541
"Landisville, NJ, United States",771,1,0.00540540540540541
"Lantana, FL, United States",771,1,0.00540540540540541
"Larksville, PA, United States",771,1,0.00540540540540541
"Latham, NY, United States",771,1,0.00540540540540541
"Laurel, MD, United States",771,1,0.00540540540540541
"Lawrence, MO, United States",771,1,0.00540540540540541
"Leonard, ND, United States",771,1,0.00540540540540541
"Liberty, TN, United States",771,1,0.00540540540540541
"Lihue, HI, United States",771,1,0.00540540540540541
"Line Lexington, PA, United States",771,1,0.00540540540540541
"Little Neck, NY, United States",771,1,0.00540540540540541
"Little River, CA, United States",771,1,0.00540540540540541
"Lombard, IL, United States",771,1,0.00540540540540541
"Long Beach, NY, United States",771,1,0.00540540540540541
"Long Branch, NJ, United States",771,1,0.00540540540540541
"Long Wharf, CT, United States",771,1,0.00540540540540541
"Loraine, OH, United States",771,1,0.00540540540540541
"Los Altos, CA, United States",771,1,0.00540540540540541
"Lynwood, CA, United States",771,1,0.00540540540540541
"Lyons, IL, United States",771,1,0.00540540540540541
"Lyons, KS, United States",771,1,0.00540540540540541
"Madison, IN, United States",771,1,0.00540540540540541
"Madison, NH, United States",771,1,0.00540540540540541
"Maite, GU, United States",771,1,0.00540540540540541
"Makawao, Maui, HI, United States",771,1,0.00540540540540541
"Manitou Springs, CO, United States",771,1,0.00540540540540541
"Marblehead, MA, United States",771,1,0.00540540540540541
"Marcus Hook, PA, United States",771,1,0.00540540540540541
"Marshalltown, IA, United States",771,1,0.00540540540540541
"Martinsburg, WV, United States",771,1,0.00540540540540541
"Marysville, CA, United States",771,1,0.00540540540540541
"Mays Landing, NJ, United States",771,1,0.00540540540540541
"McColl, ID, United States",771,1,0.00540540540540541
"Metairie, LA, United States",771,1,0.00540540540540541
"Middlebury, VT, United States",771,1,0.00540540540540541
"Middletown, CT, United States",771,1,0.00540540540540541
"Midland, TX, United States",771,1,0.00540540540540541
"Milford, CT, United States",771,1,0.00540540540540541
"Milford, PA, United States",771,1,0.00540540540540541
"Milldale, CT, United States",771,1,0.00540540540540541
"Mineola, NY, United States",771,1,0.00540540540540541
"Minot, NC, United States",771,1,0.00540540540540541
"Miracle Mile, CA, United States",771,1,0.00540540540540541
"Mishawaka, IN, United States",771,1,0.00540540540540541
"Monroe City, IN, United States",771,1,0.00540540540540541
"Monroe, OH, United States",771,1,0.00540540540540541
"Monroeville, PA, United States",771,1,0.00540540540540541
"Montpelier, VT, United States",771,1,0.00540540540540541
"Mount Pleasant, MI, United States",771,1,0.00540540540540541
"Mt. Washington, CA, United States",771,1,0.00540540540540541
"Mystic, CT, United States",771,1,0.00540540540540541
"N. Charleston, SC, United States",771,1,0.00540540540540541
"N. Smithfield, RI, United States",771,1,0.00540540540540541
"Nashua, NH, United States",771,1,0.00540540540540541
"Natchez, MS, United States",771,1,0.00540540540540541
"Natrona Heights, PA, United States",771,1,0.00540540540540541
"Nawiliwili, Kauai, HI, United States",771,1,0.00540540540540541
"Nevis, MN, United States",771,1,0.00540540540540541
"New City, NY, United States",771,1,0.00540540540540541
"New Iberia, LA, United States",771,1,0.00540540540540541
"New Milford, PA, United States",771,1,0.00540540540540541
"New Monterey, CA, United States",771,1,0.00540540540540541
"New Port Richey, FL, United States",771,1,0.00540540540540541
"Newark, OH, United States",771,1,0.00540540540540541
"Newtown, CT, United States",771,1,0.00540540540540541
"Normal, IL, United States",771,1,0.00540540540540541
"North Bellmore, NY, United States",771,1,0.00540540540540541
"North Hampton, MA, United States",771,1,0.00540540540540541
"North Haven, CT, United States",771,1,0.00540540540540541
"North Merrick, NY, United States",771,1,0.00540540540540541
"Northport, NY, United States",771,1,0.00540540540540541
"Norwalk, CA, United States",771,1,0.00540540540540541
"Norwalk, CT, United States",771,1,0.00540540540540541
"Norwich, CT, United States",771,1,0.00540540540540541
"Oak Park, IL, United States",771,1,0.00540540540540541
"Oak Ridge, NJ, United States",771,1,0.00540540540540541
"Old Orchard Beach, ME, United States",771,1,0.00540540540540541
"Old Rosyln Village, NY, United States",771,1,0.00540540540540541
"Opelika, AL, United States",771,1,0.00540540540540541
"Ormond Beach, FL, United States",771,1,0.00540540540540541
"Orono, ME, United States",771,1,0.00540540540540541
"Oshikosh, WI, United States",771,1,0.00540540540540541
"Ottawa, IL, United States",771,1,0.00540540540540541
"Ottumwa, IA, United States",771,1,0.00540540540540541
"Owings Mills, MD, United States",771,1,0.00540540540540541
"Oxford, MA, United States",771,1,0.00540540540540541
"Paia, HI, United States",771,1,0.00540540540540541
"Paia, Maui, HI, United States",771,1,0.00540540540540541
"Palisades Park, NJ, United States",771,1,0.00540540540540541
"Paramount, CA, United States",771,1,0.00540540540540541
"Paris, TN, United States",771,1,0.00540540540540541
"Parma Hts., OH, United States",771,1,0.00540540540540541
"Pawtucket, RI, United States",771,1,0.00540540540540541
"Pembroke Park, FL, United States",771,1,0.00540540540540541
"Pence, WI, United States",771,1,0.00540540540540541
"Pendel, PA, United States",771,1,0.00540540540540541
"Perth Amboy, NJ, United States",771,1,0.00540540540540541
"Petersburg, VA, United States",771,1,0.00540540540540541
"Pittsburgh, KS, United States",771,1,0.00540540540540541
"Plantsville, CT, United States",771,1,0.00540540540540541
"Pleasant Hill, CA, United States",771,1,0.00540540540540541
"Plymouth, MI, United States",771,1,0.00540540540540541
"Port Salerno, FL, United States",771,1,0.00540540540540541
"Pottstown, PA, United States",771,1,0.00540540540540541
"Pownal, VT, United States",771,1,0.00540540540540541
"Presque Isle, ME, United States",771,1,0.00540540540540541
"Provo, UT, United States",771,1,0.00540540540540541
"Radium Springs, NM, United States",771,1,0.00540540540540541
"Rancho Cordova, CA, United States",771,1,0.00540540540540541
"Raonoke Rapids, NC, United States",771,1,0.00540540540540541
"Remer, MN, United States",771,1,0.00540540540540541
"Rialto, CA, United States",771,1,0.00540540540540541
"Richmond, IN, United States",771,1,0.00540540540540541
"Ridgewood, NY, United States",771,1,0.00540540540540541
"River Ridge, NJ, United States",771,1,0.00540540540540541
"Riviera Beach, FL, United States",771,1,0.00540540540540541
"Rochester, MI, United States",771,1,0.00540540540540541
"Rochester, PA, United States",771,1,0.00540540540540541
"Rockland Lake, NY, United States",771,1,0.00540540540540541
"Rogersville, TN, United States",771,1,0.00540540540540541
"Roman, MT, United States",771,1,0.00540540540540541
"Roselle, IL, United States",771,1,0.00540540540540541
"Roselle, NJ, United States",771,1,0.00540540540540541
"San Angelo, TX, United States",771,1,0.00540540540540541
"San German, PR, United States",771,1,0.00540540540540541
"San Pedro, CA, United States",771,1,0.00540540540540541
"Sand Point, ID, United States",771,1,0.00540540540540541
"Seaford, NY, United States",771,1,0.00540540540540541
"Seaside, OR, United States",771,1,0.00540540540540541
"Seaview, WA, United States",771,1,0.00540540540540541
"Seldon, NY, United States",771,1,0.00540540540540541
"Sheboygan, WI, United States",771,1,0.00540540540540541
"South Beach, NY, United States",771,1,0.00540540540540541
"South Farmingdale, NY, United States",771,1,0.00540540540540541
"South Haven, MI, United States",771,1,0.00540540540540541
"Southboro, MA, United States",771,1,0.00540540540540541
"Spanish Fort Canyon, UT, United States",771,1,0.00540540540540541
"Springfield, VT, United States",771,1,0.00540540540540541
"St. Claire, OH, United States",771,1,0.00540540540540541
"St. James, NY, United States",771,1,0.00540540540540541
"Stapleton, NY, United States",771,1,0.00540540540540541
"Stateline, NV, United States",771,1,0.00540540540540541
"Stickney, IL, United States",771,1,0.00540540540540541
"Stillwater, OK, United States",771,1,0.00540540540540541
"Sudbury, MA, United States",771,1,0.00540540540540541
"Suffern, NY, United States",771,1,0.00540540540540541
"Sunapee, NH, United States",771,1,0.00540540540540541
"Sunbury, PA, United States",771,1,0.00540540540540541
"Sunland, CA, United States",771,1,0.00540540540540541
"Syosset, NY, United States",771,1,0.00540540540540541
"Tampa Springs, FL, United States",771,1,0.00540540540540541
"Taos, NM, United States",771,1,0.00540540540540541
"Tarzana, CA, United States",771,1,0.00540540540540541
"Taunton, MA, United States",771,1,0.00540540540540541
"Texarcana, AR, United States",771,1,0.00540540540540541
"Texarkana, AR, United States",771,1,0.00540540540540541
"Titusville, FL, United States",771,1,0.00540540540540541
"Torrington, CT, United States",771,1,0.00540540540540541
"Traverse, MI, United States",771,1,0.00540540540540541
"Universal City, CA, United States",771,1,0.00540540540540541
"Valdosta, GA, United States",771,1,0.00540540540540541
"Valhalla, NY, United States",771,1,0.00540540540540541
"Vancouver, WA, United States",771,1,0.00540540540540541
"Vero Beach, FL, United States",771,1,0.00540540540540541
"Vicksberg, MS, United States",771,1,0.00540540540540541
"Vineland, NJ, United States",771,1,0.00540540540540541
"Vinton, LA, United States",771,1,0.00540540540540541
"Visalia, CA, United States",771,1,0.00540540540540541
"Wailuku, HI, United States",771,1,0.00540540540540541
"Waitsfield, VT, United States",771,1,0.00540540540540541
"Wall Township, NJ, United States",771,1,0.00540540540540541
"Walnut, CA, United States",771,1,0.00540540540540541
"Washington, NJ, United States",771,1,0.00540540540540541
"Washingtonville, NY, United States",771,1,0.00540540540540541
"Watermill, NY, United States",771,1,0.00540540540540541
"Waukegan, IL, United States",771,1,0.00540540540540541
"Wells River, VT, United States",771,1,0.00540540540540541
"Wells, ME, United States",771,1,0.00540540540540541
"West Rutland, VT, United States",771,1,0.00540540540540541
"West Springfield, MA, United States",771,1,0.00540540540540541
"Westbury, NY, United States",771,1,0.00540540540540541
"Wheaton, MD, United States",771,1,0.00540540540540541
"Wheatridge, CO, United States",771,1,0.00540540540540541
"Williamantic, CT, United States",771,1,0.00540540540540541
"Winooski, VT, United States",771,1,0.00540540540540541
"Winter, WI, United States",771,1,0.00540540540540541
"Wrightstown, NJ, United States",771,1,0.00540540540540541
"Wyandotte, MI, United States",771,1,0.00540540540540541
"Yakima, WA, United States",771,1,0.00540540540540541
"Yellow Springs, OH, United States",771,1,0.00540540540540541
"Yreka, CA, United States",771,1,0.00540540540540541
"Zebulon, KY, United States",771,1,0.00540540540540541
